{
	"quanzhou.e-loli.xyz" : {
		"totalUploadBytes" : 118987696,
		"totalDownloadBytes" : 9646925429
	},
	"zhcm.freexyz.club" : {
		"totalUploadBytes" : 2435535,
		"totalDownloadBytes" : 306378504
	},
	"hktvds1.ddnsgeek.com" : {
		"totalUploadBytes" : 330044,
		"totalDownloadBytes" : 38443424
	},
	"hktvds22.ddnsgeek.com" : {
		"totalUploadBytes" : 12166222,
		"totalDownloadBytes" : 502598256
	},
	"4122981.888yun.org" : {
		"totalUploadBytes" : 13346,
		"totalDownloadBytes" : 4262
	},
	"ao2.kvmsub.xyz" : {
		"totalUploadBytes" : 46220,
		"totalDownloadBytes" : 4972280
	},
	"89.31.125.186" : {
		"totalUploadBytes" : 6286822,
		"totalDownloadBytes" : 38715085
	},
	"tw06.freexyz.club" : {
		"totalUploadBytes" : 2056947,
		"totalDownloadBytes" : 146410543
	},
	"foshan.e-loli.xyz" : {
		"totalUploadBytes" : 7912440,
		"totalDownloadBytes" : 1178536479
	},
	"tw07.freexyz.best" : {
		"totalUploadBytes" : 6764,
		"totalDownloadBytes" : 7729
	},
	"121.12.172.56" : {
		"totalUploadBytes" : 113082,
		"totalDownloadBytes" : 191296
	},
	"jp3.kvmsub.xyz" : {
		"totalUploadBytes" : 359306,
		"totalDownloadBytes" : 848403
	},
	"free-jp.kvmsub.xyz" : {
		"totalUploadBytes" : 277726,
		"totalDownloadBytes" : 5486636
	},
	"223.112.227.59" : {
		"totalUploadBytes" : 539080,
		"totalDownloadBytes" : 120585737
	},
	"gd.kvmsub.xyz" : {
		"totalUploadBytes" : 12458958,
		"totalDownloadBytes" : 974107762
	},
	"azure.ohssr.bio" : {
		"totalUploadBytes" : 50626,
		"totalDownloadBytes" : 141242
	},
	"bgp.kvmsub.xyz" : {
		"totalUploadBytes" : 15730360,
		"totalDownloadBytes" : 2367950111
	},
	"hktvds.dynu.net" : {
		"totalUploadBytes" : 29664,
		"totalDownloadBytes" : 1072745
	},
	"hktvds4.ddnsgeek.com" : {
		"totalUploadBytes" : 194988,
		"totalDownloadBytes" : 5544860
	},
	"3.0.96.39" : {
		"totalUploadBytes" : 10243923,
		"totalDownloadBytes" : 1954167892
	},
	"tw2.kvmsub.xyz" : {
		"totalUploadBytes" : 534370,
		"totalDownloadBytes" : 15963847
	},
	"119.167.180.113" : {
		"totalUploadBytes" : 193646,
		"totalDownloadBytes" : 258557
	},
	"cmcc.kvmsub.xyz" : {
		"totalUploadBytes" : 30759226,
		"totalDownloadBytes" : 3976618790
	},
	"azure.ohss.icu" : {
		"totalUploadBytes" : 4381398,
		"totalDownloadBytes" : 730176751
	},
	"hktvds55.ddnsgeek.com" : {
		"totalUploadBytes" : 662345,
		"totalDownloadBytes" : 20485582
	}
}